Rank,Priority,Lane,SKU,Product Title,Availability,Inventory Qty,Weight kg,After-Coupon Ref,Feed MAP,Planning Ad Floor,Why It Fits Elevation,Suggested Collection,Product Link,VEVOR Product Type,Publish Control
1,A — Core Launch,Power & Off-Grid,DCDCDDY12V24PZD1S001V9,"VEVOR DC to DC Battery Charger, 520W, 40A Alternator Charger, Fast DC-DC Charging for Portable Power Stations, Compatible with LiFePO4 Lead-Acid AGM GEL Batteries, 12V/24V-12V/24V, for RV Home Backup",in stock,395,1.10000,89.9,,89.9,Direct fit for RV/mobile lithium charging and off-grid system builds.,Solar & Battery Charging,https://www.vevor.com/other-c_45583/vevor-dc-to-dc-battery-charger-520w-40a-alternator-charger-fast-dc-dc-charging-for-portable-power-stations-compatible-with-lifepo4-lead-acid-agm-gel-batteries-12v-24v-12v-24v-for-rv-home-backup-p_010355862541,Electrical > Renewable Energy > DC to DC Charger ,LIVE VEVOR PRICE + STOCK CHECK REQUIRED
2,A — Core Launch,Power & Off-Grid,DCDCSDY12V24BEYZ9001V9,"VEVOR DC to DC Charger with MPPT, 350W, 30A On-Board Battery Charger, Solar Panel/Alternator Dual Input, Smart Multi-Stage Charging for LiFePO4 Lead-Acid Batteries, 12V/24V-12V/24V, for RV Home Backup",in stock,143,1.10000,96.9,,96.9,Direct fit for RV/mobile lithium charging and off-grid system builds.,Solar & Battery Charging,https://www.vevor.com/other-c_45583/vevor-dc-to-dc-charger-with-mppt-350w-30a-on-board-battery-charger-solar-panel-alternator-dual-input-smart-multi-stage-charging-for-lifepo4-lead-acid-batteries-12v-24v-12v-24v-for-rv-home-backup-p_010458807584,Electrical > Renewable Energy > DC to DC Charger ,LIVE VEVOR PRICE + STOCK CHECK REQUIRED
3,A — Core Launch,Power & Off-Grid,LWGPNKYTJ1204ZG5LV6,"VEVOR Hybrid Solar Inverter, 3000W, All in One Pure Sine Wave Power Inverter Charger, 24V DC to 110/120V AC, with Built-in 100A MPPT Solar Controller, for Off-Grid System Lead Acid Lithium Battery",in stock,206,4.30000,252.71,,252.71,Core off-grid power component with inverter/charger and MPPT functionality.,Solar & Off-Grid Power,https://www.vevor.com/pure-sine-wave-inverter-c_10760/hybrid-solar-inverter-charger-3000w-110-120v-with-built-in-100a-mppt-controller-p_010507262411,Electrical > Renewable Energy > Solar Power Accessories > Hybrid Solar Inverter ,LIVE VEVOR PRICE + STOCK CHECK REQUIRED
4,A — Core Launch,Power & Off-Grid,NBQCDQ1200W15EZHY001V1,"VEVOR Pure Sine Wave Inverter Charger, 1200W, DC 12V to AC 120V Power Inverter with LCD Display, Remote Control, Low Frequency, for RV Camper Home, Compatible with 12V LiFePO4 Lithium Batteries",in stock,143,14.45000,184.94,,184.94,"Direct fit for battery-based RV, backup-power and off-grid systems.",Inverters & Power Conversion,https://www.vevor.com/inverter-charger-c_42234/vevor-pure-sine-wave-inverter-charger-1200w-dc-12v-to-ac-120v-power-inverter-with-lcd-display-remote-control-low-frequency-for-rv-camper-home-compatible-with-12v-lifepo4-lithium-batteries-p_010618792061,Automotive > Battery Charging Systems > Car Power Inverters > Inverter Charger ,LIVE VEVOR PRICE + STOCK CHECK REQUIRED
5,B — Strong Expansion,Power & Off-Grid,CZXNBQDMKWKDD5F35V9,"VEVOR Pure Sine Wave Inverter 3500 Watt Power Inverter, DC 12V to AC 120V Car Inverter, with USB Port LCD Display Remote Controller and AC Outlets (GFCI), for RV Truck Car Solar System Travel Camping",in stock,485,7.75000,195.21,,195.21,"Direct fit for battery-based RV, backup-power and off-grid systems.",Inverters & Power Conversion,https://www.vevor.com/pure-sine-wave-inverter-c_10760/vevor-pure-sine-wave-inverter-power-inverter-3500w-dc12v-to-ac120v-inverter-lcd-p_010526241990,Automotive > Battery Charging Systems > Car Power Inverters > Power Inverters ,LIVE VEVOR PRICE + STOCK CHECK REQUIRED
6,A — Core Launch,Power & Off-Grid,GDSTYNB1200WLJQ4J001V1,"VEVOR 200W Monocrystalline Solar Panel, 23% High-Efficiency Mono PV Module with Stable MC4 Output & Aluminum Frame, IP65 Waterproof Solar Panel for Car Boat RV Flat Rooftop Off-Grid Applications",in stock,286,12.40000,159.95,,159.95,Direct solar-system component and natural cross-sell with batteries and power stations.,Solar Panels & Charging,https://www.vevor.com/solar-panels-c_13594/vevor-200w-monocrystalline-solar-panel-23-high-efficiency-mono-pv-module-with-stable-mc4-output-aluminum-frame-ip65-waterproof-solar-panel-for-car-boat-rv-flat-rooftop-off-grid-applications-p_010277156717,Electrical > Renewable Energy > Solar Panels > Monocrystalline Solar Panel ,LIVE VEVOR PRICE + STOCK CHECK REQUIRED
7,B — Strong Expansion,Power & Off-Grid,BXZDTYNB160W36PFJ001Y3,"VEVOR 60W Foldable Solar Panel Charger, 16BB N-Type Monocrystalline Solar Panel 24% Efficiency, Lightweight Portable with MC4 Output, Type-C, USB-A & DC Ports for Power Stations Camping Hiking",in stock,157,2.20000,48.9,,48.9,Direct solar-system component and natural cross-sell with batteries and power stations.,Solar Panels & Charging,https://www.vevor.com/solar-panels-c_13594/vevor-60w-foldable-solar-panel-charger-16bb-n-type-monocrystalline-solar-panel-24-efficiency-lightweight-portable-with-mc4-output-type-c-usb-a-dc-ports-for-power-stations-camping-hiking-p_010985240169,Electrical > Renewable Energy > Solar Panels > Monocrystalline Solar Panel ,LIVE VEVOR PRICE + STOCK CHECK REQUIRED
8,B — Strong Expansion,Power & Off-Grid,LDQ61224V35A1XL16V5,"VEVOR Smart Battery Charger, 35-Amp, Lithium LiFePO4 Lead-Acid (AGM / Gel / SLA) Car Battery Charger with LCD Display, Trickle Charger Maintainer Desulfator for Boat Motorcycle Lawn Mower Deep Cycle",in stock,17519,1.70000,78.9,,78.9,Battery-support accessory aligned with Elevation's lithium and mobile-power customers.,Battery Chargers & Accessories,https://www.vevor.com/battery-charger-c_11827/vevor-smart-battery-charger-35-amp-lithium-lifepo4-lead-acid-agm-gel-sla-car-battery-charger-with-lcd-display-trickle-charger-maintainer-desulfator-for-boat-motorcycle-lawn-mower-deep-cycle-p_010879794757,Electrical > Batteries > Rechargeable Battery Chargers > Starting & Energy Storage Battery Charger ,LIVE VEVOR PRICE + STOCK CHECK REQUIRED
9,A — Core Launch,Power & Off-Grid,FCCDQ12V20A05C7H3001V1,"VEVOR 12V 20A Lithium Battery Charger, 14.6V, AC-DC LiFePO4 Smart Charger, with Anderson Connector, LED Indicator, 0V Activation, for Lithium LiFePO4 Deep Cycle Rechargeable Batteries of Boat, RV",in stock,315,1.60000,64.9,,64.9,Battery-support accessory aligned with Elevation's lithium and mobile-power customers.,Battery Chargers & Accessories,https://www.vevor.com/battery-chargers-c_14017/vevor-12v-20a-lithium-battery-charger-14-6v-ac-dc-lifepo4-smart-charger-for-rv-p_010889683485,Automotive > Battery Charging Systems > Car Battery Chargers > RV Charger ,LIVE VEVOR PRICE + STOCK CHECK REQUIRED
10,A — Core Launch,Power & Off-Grid,DGNRV50A1450RJD0NV0,"VEVOR 50 Amp RV Power Outlet Box, 125/250 Volt, Enclosed Lockable Outdoor RV Receptacle Box, NEMA 14-50R Weatherproof Electrical Panel, for RV Camper Trailer Motorhome",in stock,2895,2.10000,31.41,,31.41,"Strong RV electrical infrastructure product for properties, campsites and service work.",RV Electrical,https://www.vevor.com/power-outlet-box-c_12116/vevor-50-amp-rv-power-outlet-box-125-250-volt-enclosed-lockable-outdoor-rv-receptacle-box-nema-14-50r-weatherproof-electrical-panel-for-rv-camper-trailer-motorhome-electric-car-ul-listed-outlet-p_010714234337,Electrical > Power Distribution > Temporary Power & Disconnects > Transfer Switches & Kits > Generator Inlet Boxes > Power Inlet Box ,LIVE VEVOR PRICE + STOCK CHECK REQUIRED
11,A — Core Launch,Power & Off-Grid,DGNCRV203050AY3ZNV0,"VEVOR Temporary Power Outlet Panel, 125/250V, RV Power Outlet Box with a 20/30/50 Amp Receptacle Installed, NEMA 14-50R / NEMA TT-30R / 15A GFCI for RV Camper Trailer Motorhome",in stock,2533,6.80000,109.9,,109.9,"Strong RV electrical infrastructure product for properties, campsites and service work.",RV Electrical,https://www.vevor.com/power-outlet-box-c_12116/vevor-temporary-power-outlet-panel-125-250-volt-rv-power-outlet-box-with-a-20-30-50-amp-receptacle-installed-nema-14-50r-nema-tt-30r-15a-gfci-for-rv-camper-trailer-motorhome-ul-listed-outlet-p_010686204037,Electrical > Power Distribution > Temporary Power & Disconnects > Transfer Switches & Kits > Generator Inlet Boxes > Power Inlet Box ,LIVE VEVOR PRICE + STOCK CHECK REQUIRED
12,B — Strong Expansion,Power & Off-Grid,SDZHKG12024073S92V5,"VEVOR Manual Transfer Switch, 30-Amp 10-Circuit, Prewired Generator Transfer Switch Kit with NEMA L14-30P Power Inlet Box, Double-Throw Switch, NEMA 3R, Mechanical Watt Meter, for 7500W Generators",in stock,73,8.95000,191.9,,191.9,Home-backup and generator integration product that supports resilience projects.,Backup Power & Transfer,https://www.vevor.com/power-outlet-box-c_12116/manual-transfer-switch-30a-generator-transfer-switch-kit-nema-3r-7500w-120-240v-p_010102500634,Electrical > Power Distribution > Temporary Power & Disconnects > Transfer Switches & Kits > Transfer Switches > Manual Transfer Switch ,LIVE VEVOR PRICE + STOCK CHECK REQUIRED
13,B — Strong Expansion,Power & Off-Grid,WSBNBQTZ20001Z3WZ001V1,"VEVOR Sump Pump Battery Bundle, 2000W, Backup System with 100 Ah LiFePO4 Battery, Auto Switches to Inverter for Sump Pump, Pure Sine Wave, LCD Display, for Basement Protection Emergency Power Outage",in stock,153,15.70000,399.9,,399.9,Resilience product combining LiFePO4 backup power with home water-risk protection.,Home Backup & Resilience,https://www.vevor.com/sump-pump-inverter-c_45102/vevor-sump-pump-battery-bundle-2000w-backup-system-with-100-ah-lifepo4-battery-auto-switches-to-inverter-for-sump-pump-pure-sine-wave-lcd-display-for-basement-protection-emergency-power-outage-p_010832196846,Plumbing > Water Pumps > Sump Pumps > Sump Pump Backup Batteries > Sump Pump Inverter ,LIVE VEVOR PRICE + STOCK CHECK REQUIRED
14,B — Strong Expansion,Power & Off-Grid,DXCNDYWTYNB177DIF001V1,"VEVOR Portable Power Station, 1800W Solar Generator Power Station, 1008Wh LiFePO4 Battery Backup with 9 Output Ports for for Home Emergency, Outdoor Camping, RV Travel (Solar Panel NOT Included)",in stock,189,14.00000,473.9,,473.9,Direct solar-system component and natural cross-sell with batteries and power stations.,Solar Panels & Charging,https://www.vevor.com/whole-house-portable-solar-power-generator-c_44909/vevor-portable-power-station-1800w-solar-generator-power-station-1008wh-lifepo4-battery-backup-with-9-output-ports-for-for-home-emergency-outdoor-camping-rv-travel-solar-panel-not-included--p_010790472307,Outdoors > Outdoor Power Equipment > Generators > Battery Generators > Whole House Portable Solar Power Generator ,LIVE VEVOR PRICE + STOCK CHECK REQUIRED
15,B — Strong Expansion,Power & Off-Grid,KZSCNDYZJ2046MZUY001V1,"VEVOR Portable Power Station, 2400W 2160Wh Power Station Solar Generator with 10 Output Ports & Adjustable Input Power, Expandable LiFePO4 Battery Backup for Home Camping RV (Solar Panel NOT Included)",in stock,140,24.50000,785.9,,785.9,Direct solar-system component and natural cross-sell with batteries and power stations.,Solar Panels & Charging,https://www.vevor.com/expandable-solar-power-station-c_44908/vevor-portable-power-station-2400w-2160wh-power-station-solar-generator-with-10-output-ports-adjustable-input-power-expandable-lifepo4-battery-backup-for-home-camping-rv-solar-panel-not-included--p_010633300742,Outdoors > Outdoor Power Equipment > Generators > Battery Generators > Expandable Solar Power Station ,LIVE VEVOR PRICE + STOCK CHECK REQUIRED
16,B — Strong Expansion,Power & Off-Grid,JJDCXT5000W13AWMP001V6,"VEVOR Home Power Station Backup Power, 5120Wh, LiFePO4 Lithium Battery, Support Communication, Bluetooth and WiFi, AC 5000W Inverter, Fast Charge, for Home Backup, Emergency, Solar System Components",in stock,47,31.00000,3111.99,,3111.99,"High-fit off-grid/home-backup product for camping, RV and emergency-power customers.",Portable & Home Power Stations,https://www.vevor.com/other-c_45583/vevor-home-power-station-backup-power-5120wh-lifepo4-lithium-battery-support-communication-bluetooth-and-wifi-ac-5000w-inverter-fast-charge-for-home-backup-emergency-solar-system-components-p_010194471362,Electrical > Batteries > Specialty Batteries > Server Rack Battery Lifepo4 ,LIVE VEVOR PRICE + STOCK CHECK REQUIRED
17,A — Core Launch,RV & Mobile,ZCJRQLS12V8KWCO9JV9,"VEVOR 8 KW Diesel Air Heater, Bluetooth App Control All-in-one Diesel Heater with Automatic Altitude Adjustment, Remote Control and LCD, Portable Parking Heater for RV Trailer Camper Van Boat",in stock,8536,9.48000,115.51,,115.51,Strong RV/off-grid climate-control product with broad mobile and garage use.,RV Heating & Climate,https://www.vevor.com/diesel-heater-c_10321/vevor-diesel-air-heater-all-in-one-12v-8kw-bluetooth-app-lcd-for-car-rv-indoors-p_010876414069,"Heating, Venting & Cooling > Heaters > Space Heaters > Gas Heaters > Diesel Heater ",LIVE VEVOR PRICE + STOCK CHECK REQUIRED
18,B — Strong Expansion,RV & Mobile,CYJRQDDKWS8KHTGEXV1,"VEVOR 8KW Diesel Heater, 12V/24V All in One Diesel Air Heater, Bluetooth APP Control, Remote Control and Display Screen, CO Alarm, Fast Heating Horizontal Portable Diesel Heater for Vehicles, Garage",in stock,10313,9.61000,143.56,,143.56,Strong RV/off-grid climate-control product with broad mobile and garage use.,RV Heating & Climate,https://www.vevor.com/diesel-heater-c_10321/vevor-diesel-air-heater-diesel-heater-8kw-12v-24v-bluetooth-app-remote-control-p_010918490318,"Heating, Venting & Cooling > Heaters > Space Heaters > Gas Heaters > Diesel Heater ",LIVE VEVOR PRICE + STOCK CHECK REQUIRED
19,A — Core Launch,RV & Mobile,MG12V570PSI12969RV0,"VEVOR Water Diaphragm Pump, 12V DC, 5.5 GPM Flow, 70 PSI Rated Pressure (40-100 PSI Adjustable), 1/2"" MNPT Self Priming Sprayer Pump with Pressure Switch for RV Camper Marine Boat Lawn, FCC Certified",in stock,2444,3.15000,64.9,,64.9,Core RV/mobile water-system component and useful repair/replacement SKU.,RV Water Systems,https://www.vevor.com/diaphragm-pump-c_11958/vevor-12v-water-pressure-diaphragm-pump-self-priming-pump-70-psi-5-5-gpm-boat-rv-p_010168939259,Plumbing > Water Pumps > Utility Pumps > 12 Volt Potable Water Pump ,LIVE VEVOR PRICE + STOCK CHECK REQUIRED
20,B — Strong Expansion,RV & Mobile,DDGMSBCGK12VVRA9W001V9,"VEVOR RV Water Pump, 12V DC 5 GPM (18.9 L/min), 4-Chamber Self-Priming Diaphragm Water Pump with Automatic Pressure Switch, 70 PSI Max Pressure, On Demand for RV, Caravan, Marine, Yacht, Car Washing",in stock,483,2.90000,49.41,,49.41,Core RV/mobile water-system component and useful repair/replacement SKU.,RV Water Systems,https://www.vevor.com/diaphragm-pump-c_11958/vevor-rv-water-pump-12v-dc-5-gpm-18-9-l-min-4-chamber-self-priming-diaphragm-water-pump-with-automatic-pressure-switch-70-psi-max-pressure-on-demand-for-rv-caravan-marine-yacht-car-washing-p_010727016793,Plumbing > Water Pumps > Utility Pumps > 12 Volt Potable Water Pump ,LIVE VEVOR PRICE + STOCK CHECK REQUIRED
21,B — Strong Expansion,RV & Mobile,WLCZBXX40LDMKIK1C001V9,"VEVOR 12 Volt Refrigerator, 42.3 QT/ 40L Car Fridge, Portable Ultra-Light EPP Freezer, APP Control Electric Compressor, 12V/24V DC, 14℉ to 50℉, for Truck Van RV SUV Boat Travel Camping",in stock,589,9.60000,152.9,,152.9,"Off-grid/RV appliance with clear camping, travel and mobile-living fit.",RV Refrigeration,https://www.vevor.com/compressor-car-refrigerator-c_45058/vevor-12-volt-refrigerator-42-3-qt-40l-car-fridge-portable-ultra-light-epp-freezer-app-control-electric-compressor-12v-24v-dc-14-to-50-for-truck-van-rv-suv-boat-travel-camping-p_010770890832,Outdoors > Outdoor Cooking > Outdoor Kitchens > Car Refrigerator > Compressor Car Refrigerator ,LIVE VEVOR PRICE + STOCK CHECK REQUIRED
22,B — Strong Expansion,RV & Mobile,GLCZBXX58LSMGKUC4V1,"VEVOR Portable Car Refrigerator, 12 Volt Car Refrigerator Fridge, 58 L / 61.5 QT Dual Zone Portable Freezer, -4℉-68℉ Adjustable Temperature, Compressor Cooler for Home, Outdoor, Camping, RV, Car",in stock,399,23.40000,337.15,,337.15,"Off-grid/RV appliance with clear camping, travel and mobile-living fit.",RV Refrigeration,https://www.vevor.com/car-refrigerator-c_10723/vevor-portable-car-refrigerator-freezer-compressor-58-l-dual-zone-for-home-car-p_010786174379,Outdoors > Outdoor Cooking > Outdoor Kitchens > Car Refrigerator > Compressor Car Refrigerator ,LIVE VEVOR PRICE + STOCK CHECK REQUIRED
23,A — Core Launch,RV & Mobile,12VFCJZB12V1JPF4RV9,"VEVOR RV Portable Macerator Pump, 12V, 12GMP Quick Release RV Waste Pump, RV Sewage Sewer Pump with Detachable Quick Connection Valve Metal Hose Clamp Power Cord, for RV Boat Marine Motorhome Camper",in stock,1498,3.15000,79.9,,79.9,Practical RV waste-system product aligned with service and replacement needs.,RV Waste & Plumbing,https://www.vevor.com/water-pumps-accessories-c_12381/vevor-rv-portable-macerator-pump-12v-12gmp-quick-release-rv-waste-pump-rv-sewage-sewer-pump-with-detachable-quick-connection-valve-metal-hose-clamp-power-cord-for-rv-boat-marine-motorhome-camper-p_010256051288,Plumbing > Dewatering Pump > RV Macerator Pump ,LIVE VEVOR PRICE + STOCK CHECK REQUIRED
24,B — Strong Expansion,RV & Mobile,AXLSTCQJDSYKAZ99C001V0,"VEVOR A-Frame Trailer Jack, 5000 lbs Dynamic Load Capacity, Trailer Jack Stand with Handle & Rectangular Footpad, 15-inch Vertical Travel, Suitable for RV, Horse, Utility Trailers, Yacht Trailers",in stock,13125,6.85000,47.9,,47.9,"Useful RV setup, stabilization and maintenance product.",RV Setup & Stabilization,https://www.vevor.com/trailer-jack-c_12130/vevor-a-frame-trailer-jack-bolt-on-trailer-tongue-jack-5000-lbs-15-inch-travel-p_010954504230,Automotive > Shop Equipment > Car Jacks > Trailer Jacks > Manual Trailer Jack Without Wheels ,LIVE VEVOR PRICE + STOCK CHECK REQUIRED
25,B — Strong Expansion,RV & Mobile,RVHCWDQ2J500GHGAFV0,"VEVOR RV Slide Out Support Jacks, 5000 lbs Capacity Each Slide Out Stabilizer, Adjusts from 20""-48"" Camper Slide Out Support Jacks, Heavy-duty Slideout Stabilizers for RV, Camper and Travel Trailer",in stock,2388,8.60000,49.9,,49.9,"Useful RV setup, stabilization and maintenance product.",RV Setup & Stabilization,https://www.vevor.com/rv-jacks-stabilizers-c_12255/vevor-rv-slide-out-support-jacks-5000-lbs-capacity-each-slide-out-stabilizer-adjusts-from-20-48-camper-slide-out-support-jacks-heavy-duty-slideout-stabilizers-for-rv-camper-and-travel-trailer-p_010436682231,Automotive > RV Supplies > RV Accessories > RV Stabilizer Jacks > RV Stack Jacks ,LIVE VEVOR PRICE + STOCK CHECK REQUIRED
26,B — Strong Expansion,RV & Mobile,XXKLJT124INCLJF0QV0,"VEVOR Camper Levelers, 2 Pcs RV Leveling Blocks, up to 8818.5lbs Camper Wheel Chocks, Max. 4"" Leveling Height Heavy Duty Curved Levelers, RV Camper Leveler Kit with Anti-Slip Mat Carrying Bag Level",in stock,142,4.08000,33.9,,33.9,"Useful RV setup, stabilization and maintenance product.",RV Setup & Stabilization,https://www.vevor.com/trailer-jack-block-c_13715/camper-levelers-2-packs-rv-leveling-blocks-8818-5-lbs-4-leveling-height-p_010702534310,Automotive > RV Supplies > RV Accessories > RV Stabilizer Jacks > RV Leveling Jack Pad ,LIVE VEVOR PRICE + STOCK CHECK REQUIRED
27,A — Core Launch,Restoration & Field Service,KQXDQJ3800CFMYP0KV1,"VEVOR Air Scrubber with 3-Stage Filtration, Stackable Negative Air Machine 800 CFM, Air Cleaner with MERV10, Carbon, H13 HEPA, for Home, Industrial and Commercial Use",in stock,1132,18.50000,413.9,,413.9,Direct restoration/mitigation fit for controlled filtration and negative-air work.,Restoration Air Quality,https://www.vevor.com/air-scrubber-c_12068/vevor-air-scrubber-with-3-stage-filtration-stackable-negative-air-machine-800-cfm-air-cleaner-with-merv10-carbon-h13-hepa-for-home-industrial-and-commercial-use-p_010226230633,"Heating, Venting & Cooling > Air Purifiers > Commercial Air Purifiers ",LIVE VEVOR PRICE + STOCK CHECK REQUIRED
28,A — Core Launch,Restoration & Field Service,SYCSQJS35PTL11246001V1,"VEVOR 70 Pints Commercial Dehumidifier with Drain Hose, Portable Crawl Space Dehumidifiers for Basement Storage Room Industrial, Auto Defrost/Drainage, Heavy-duty Galvanized Steel, LED Indicate",in stock,561,28.65000,305.91,,305.91,Direct water-mitigation and drying-equipment fit.,Water Mitigation & Drying,https://www.vevor.com/commercial-dehumidifier-c_10368/vevor-70-pints-commercial-dehumidifier-with-hose-auto-defrost-for-crawl-space-p_010530388796,"Heating, Venting & Cooling > Dehumidifiers > Crawl Space Commercial Dehumidifier ",LIVE VEVOR PRICE + STOCK CHECK REQUIRED
29,A — Core Launch,Restoration & Field Service,FXZXDMGFJ1800S8XLV1,"VEVOR Floor Blower, 1/2 HP, 2600 CFM Air Mover for Drying and Cooling, Portable Carpet Dryer Fan with 4 Blowing Angles and Time Function, for Janitorial, Home, Commercial, Industrail Use, ETL Listed",in stock,529,12.30000,144.9,,144.9,Direct structural-drying and restoration field-equipment fit.,Water Mitigation & Drying,https://www.vevor.com/floor-blower-c_12069/vevor-floor-blower-1-2-hp-2600-cfm-air-mover-for-drying-and-cooling-portable-carpet-dryer-fan-with-4-blowing-angles-and-time-function-for-janitorial-home-commercial-industrail-use-etl-listed-p_010121574293,"Heating, Venting & Cooling > Fans > Blower Fans ",LIVE VEVOR PRICE + STOCK CHECK REQUIRED
30,A — Core Launch,Restoration & Field Service,FYHWRXYWWWIFINPTKV0,"VEVOR Thermal Imaging Camera, 320 x 240 Pixels Super Resolution, 25Hz Refresh Rate Infrared Camera with -4 to 752°F Temperature Range, 32G Built-in SD Card, and Rechargeable Li-ion Battery",in stock,878,1.15000,189.99,,189.99,"Useful inspection tool for moisture investigation, electrical checks and diagnostics.",Inspection & Diagnostics,https://www.vevor.com/thermal-imaging-camera-c_11961/vevor-infrared-thermal-imager-thermal-camera-ir-resolution-240x180-2-8-lcd-screen-p_010117537355,Electrical > Electrical Tools > Electrical Testers > Specialty Meters > Handheld Thermal Imager ,LIVE VEVOR PRICE + STOCK CHECK REQUIRED
31,A — Core Launch,Restoration & Field Service,QXNKT35055000ENIOV0,"VEVOR Triple Lens Borescope, 5"" IPS Screen Inspection Camera with Lights, 8X Zoom 1080P HD Split Screen, 10 LED Lights Scope Endoscope Camera for Automotive, Plumbing(16.5FT Cable, 32GB Card)",in stock,1915,0.80000,66.9,,66.9,"Useful inspection tool for walls, plumbing, automotive and hard-to-access areas.",Inspection & Diagnostics,https://www.vevor.com/pipe-inspection-camera-c_11031/vevor-triple-lens-industrial-endoscope-5-ips-screen-borescope-inspection-camera-with-lights-split-screen-8x-zoom-ip67-waterproof-drain-snake-camera-for-auto-plumbing-16-5ft-cable-32gb-card--p_010356436904,Tools > Power Tools > Inspection Cameras > Borescope ,LIVE VEVOR PRICE + STOCK CHECK REQUIRED
32,A — Core Launch,Restoration & Field Service,D25FT14IN20AHOGLOV1,"VEVOR 12V Electric Drain Auger, 25FT Cordless Plumbing Snake Auto Feed, Pipeline Snake Drain Clog Remover with Power Drill for 3/4""-2"" Pipes, 2.0Ah Battery and Charger Included",in stock,1734,4.30000,59.9,,59.9,Useful plumbing/service tool for common maintenance and repair calls.,Plumbing Service Tools,https://www.vevor.com/drain-cleaner-machine-c_10849/vevor-12v-electric-drain-auger-25ft-cordless-plumbing-snake-auto-feed-pipeline-snake-drain-clog-remover-with-power-drill-for-3-4-2-pipes-2-0ah-battery-and-charger-included-p_010140425063,Plumbing > Plumbing Tools > Drain Cleaning Tools > Sewer Machines > Handheld Drain Cleaner Machine ,LIVE VEVOR PRICE + STOCK CHECK REQUIRED
33,A — Core Launch,Restoration & Field Service,SDCZQGJTG-02-1.2MV0,"VEVOR Tile Cutter 47 Inch, Manual Tile Cutter All-Steel Frame,Tile Cutting Machine with Laser Guide and Bonus Spare Cutter,Tile Cutter Hand Tool for Precision Cutting Porcelain Ceramic Floor Tiles",in stock,2680,19.60000,121.9,,121.9,"Strong fit with Elevation's tile, flooring and remodel capabilities.",Tile & Flooring Tools,https://www.vevor.com/manual-tile-cutter-c_11186/vevor-tile-cutter-manual-tile-cutter-47-inch-ceramic-porcelaincutting-machine-p_010392204713,Flooring > Flooring Supplies > Flooring Tools > Tile Tools > Tile Cutters ,LIVE VEVOR PRICE + STOCK CHECK REQUIRED
34,A — Core Launch,Restoration & Field Service,SYGSZK10L110VIU03V1,"VEVOR Wet Dry Vac, 2.6 Gallon, 2.5 Peak HP, 3 in 1 Portable Shop Vacuum with Blowing Function, Attachments Storage, Perfect for Cleaning Floor, Upholstery, Gap, Car, Black/Yellow, ETL Listed",in stock,3061,4.01000,50.9,,50.9,High-utility cleanup and restoration tool for field service and project work.,Restoration Cleanup,https://www.vevor.com/vacuum-cleaner-c_11407/vevor-wet-dry-vac-shop-vac-2-6-gal-2-5-peak-hp-3-in-1-function-blower-portable-p_010865730493,Tools > Woodworking Tools > Dust Collector Accessories > Dust Extractor ,LIVE VEVOR PRICE + STOCK CHECK REQUIRED
35,B — Strong Expansion,Restoration & Field Service,DDG176GPM110VE5SAV1,"VEVOR Electric Pressure Washer, 2000 PSI, Max. 1.76 GPM Power Washer with 20 ft Hose, 5 Quick Connect Nozzles, Foam Cannon, Portable to Clean Patios, Cars, Fences, Driveways, ETL Listed",in stock,1632,9.20000,106.11,,106.11,Strong exterior-cleaning and property-service product with broad customer demand.,Exterior & Property Care,https://www.vevor.com/pressure-washers-c_11609/vevor-electric-pressure-washer-high-pressure-washer-2000psi-1-76gpm-w-hose-reel-p_010106564673,Outdoors > Outdoor Power Equipment > Pressure Washers > Electric Pressure Washers > Corded Electric Pressure Washers > Mobile Electric Pressure Washer > Home Mobile Electric Pressure Washer ,LIVE VEVOR PRICE + STOCK CHECK REQUIRED
36,B — Strong Expansion,Restoration & Field Service,QSSZBSL10HP08XUGUV1,"VEVOR Utility Pump, 1 HP, 4000 GPH High Flow, 31 ft Head, Sump Pump Submersible Water Pump Portable Utility Pump with 10 ft Long Power Cord for Draining Water from Swimming Pool Garden Pond Basement",in stock,885,5.70000,54.9,,54.9,Useful water-removal and emergency-response product for home and field work.,Water Removal & Pumps,https://www.vevor.com/sewage-pump-c_11101/vevor-submersible-utility-pump-sump-pump-1-hp-4000-gph-31-ft-head-water-pump-p_010394006737,Plumbing > Water Pumps > Utility Pumps > Submersible Utility Pumps ,LIVE VEVOR PRICE + STOCK CHECK REQUIRED
37,C — Supporting,Outdoor & Support,DDHCSJPYXWXYBQ8X5V9,"VEVOR Electric Winch, 13500 lbs Load Capacity, 12V DC Truck Winch with Φ3/8 in x 80 ft Synthetic Rope, Wireless & Wired Remote Control, Suitable for Towing Off-Road SUV Jeep Trailer Boat",in stock,2045,24.10000,284.9,,284.9,"Supporting outdoor/recovery product for trucks, trailers, boats and off-road use.",Outdoor Recovery,https://www.vevor.com/electric-winch-c_11304/vevor-electric-winch-truck-13-500-lb-synthetic-rope-waterproof-remote-control-p_010312706462,Automotive > Exterior Car Accessories > Winches > Electric Winch ,LIVE VEVOR PRICE + STOCK CHECK REQUIRED
38,C — Supporting,Outdoor & Support,TYNQ75VAWIFI7T9PDV1,"VEVOR 7-in-1 Wi-Fi Weather Station, 7.5 in Color Display, Home Weather Station Indoor Outdoor, with Solar Wireless Outdoor Sensor  Alarm Alerts, for Temperature Humidity Wind Speed/Direction Rain",in stock,2870,2.60000,88.11,,88.11,Useful off-grid/property monitoring accessory with solar-powered sensing.,Off-Grid Monitoring,https://www.vevor.com/weather-station-c_12074/vevor-7-in-1-wi-fi-weather-station-7-5-in-color-display-home-weather-station-indoor-outdoor-with-solar-wireless-outdoor-sensor-alarm-alerts-for-temperature-humidity-wind-speed-direction-rain-p_010918829979,Outdoors > Garden Center > Outdoor Decor > Weather Stations > Home Weather Stations > Weather Station ,LIVE VEVOR PRICE + STOCK CHECK REQUIRED
39,C — Supporting,Outdoor & Support,ZXLTCQJSG10CPFKT5V1,"VEVOR 10.6 CFM Heavy Duty Air Compressor, 30s Fast Inflation | Dual-Cylinder Portable Tire Inflator, 12V 150PSI Offroad Air Pump with Adapters for Trucks Car SUV 4 x 4 Vehicle RV",in stock,302,11.60000,128.9,,128.9,"Useful RV, truck, service and field-support tool.",Field & Vehicle Support,https://www.vevor.com/tire-inflators-c_13363/vevor-10-6cfm-portable-tire-inflator-dual-cylinder-air-compressor-12v-150psi-p_010803541494,Tools > Air Compressor Tools > Inflators > Portable Air Compressors ,LIVE VEVOR PRICE + STOCK CHECK REQUIRED
40,C — Supporting,Outdoor & Support,CDJSXZTK8GALWQSO7V0,"VEVOR Roof Rack Water Tank, 8 Gal, Multi-Dispensing Outdoor Tank with 2 Splash-Guard Panels & T-slot, High-Capacity Aluminum Tank with Pressurization Port, Fit for Trunks, Roll Bars, Crossbars",in stock,50,16.30000,239.9,,239.9,Good supporting overland/off-grid water-storage product.,Off-Grid Water,https://www.vevor.com/roof-rack-cross-bars-c_11513/8-gal-roof-rack-water-tank-portable-water-tank-with-splash-guard-panel-p_010493208841,Automotive > Cargo Carriers > Roof Racks > Roof Rack Water Tank ,LIVE VEVOR PRICE + STOCK CHECK REQUIRED
